Hour,Day,Month,Year,System load (MW),ORIS ID,Fuel,Marginal Cost ($/MWh),CO2 emissions rate (tons/MWh),NOx emisisons rate (tons/MWh),SO2 emissions rate (tons/MWh)
2,1,1,2016,74087.963,2840,COAL,17.274674161357478,0.9498585507993426,0.0011964601995765765,0.0010026955717612614
3,1,1,2016,72329.2,54,GAS,17.25146086329205,0.6578011906144533,0.00020875331588125027,4.3790131867614234e-06
