Fuel,Fuel
BIOMASS,0.017814726840855107
COAL,0.32458432304038004
GAS,0.6573634204275535
Non-fossil,0.00023752969121140142
